<application>
  <component name="ProjectJdkTable">
    <jdk version="2">
      <name value="Python 3.6 (bureauxlocaux)" />
      <type value="Python SDK" />
      <homePath value="$USER_HOME$/Projets/bureauxlocaux/venv/bin/python" />
      <roots>
        <classPath>
          <root type="composite">
            <root url="file:///usr/local/lib/python3.8" type="simple" />
            <root url="file:///usr/local/lib/python3.8/lib-dynload" type="simple" />
            <root url="file://$USER_HOME$/Projets/bureauxlocaux/venv/lib/python3.8/site-packages" type="simple" />
            <root url="file://$USER_HOME$/Projets/bureauxlocaux/venv/src/sellsyapi-dev" type="simple" />
            <root url="file://$USER_HOME$/.PyCharm2019.3/system/python_stubs/-690500229" type="simple" />
            <root url="file://$APPLICATION_HOME_DIR$/plugins/python/helpers/python-skeletons" type="simple" />
            <root url="file://$APPLICATION_HOME_DIR$/plugins/python/helpers/typeshed/stdlib/3" type="simple" />
            <root url="file://$APPLICATION_HOME_DIR$/plugins/python/helpers/typeshed/stdlib/2and3" type="simple" />
            <root url="file://$APPLICATION_HOME_DIR$/plugins/python/helpers/typeshed/third_party/3" type="simple" />
            <root url="file://$APPLICATION_HOME_DIR$/plugins/python/helpers/typeshed/third_party/2and3" type="simple" />
          </root>
        </classPath>
        <sourcePath>
          <root type="composite" />
        </sourcePath>
      </roots>
      <additional ASSOCIATED_PROJECT_PATH="$USER_HOME$/Projets/bureauxlocaux" />
    </jdk>
    <jdk version="2">
      <name value="Python 3.8 (bureauxlocaux)" />
      <type value="Python SDK" />
      <version value="Python 3.8.2" />
      <homePath value="$USER_HOME$/Projects/bureauxlocaux/venv/bin/python" />
      <roots>
        <classPath>
          <root type="composite">
            <root url="file:///usr/local/lib/python3.8" type="simple" />
            <root url="file:///usr/local/lib/python3.8/lib-dynload" type="simple" />
            <root url="file://$USER_HOME$/Projects/bureauxlocaux/venv/lib/python3.8/site-packages" type="simple" />
            <root url="file://$USER_HOME$/Projects/bureauxlocaux/venv/src/sellsyapi-dev" type="simple" />
            <root url="file://$USER_HOME$/.PyCharm2019.3/system/python_stubs/-255665626" type="simple" />
            <root url="file://$APPLICATION_HOME_DIR$/plugins/python/helpers/python-skeletons" type="simple" />
            <root url="file://$APPLICATION_HOME_DIR$/plugins/python/helpers/typeshed/stdlib/3" type="simple" />
            <root url="file://$APPLICATION_HOME_DIR$/plugins/python/helpers/typeshed/stdlib/2and3" type="simple" />
            <root url="file://$APPLICATION_HOME_DIR$/plugins/python/helpers/typeshed/third_party/3" type="simple" />
            <root url="file://$APPLICATION_HOME_DIR$/plugins/python/helpers/typeshed/third_party/2and3" type="simple" />
          </root>
        </classPath>
        <sourcePath>
          <root type="composite" />
        </sourcePath>
      </roots>
      <additional ASSOCIATED_PROJECT_PATH="$USER_HOME$/Projects/bureauxlocaux" />
    </jdk>
    <jdk version="2">
      <name value="Python 3.8 (bureauxlocaux) (2)" />
      <type value="Python SDK" />
      <version value="Python 3.8.5" />
      <homePath value="/Volumes/Projects/bureauxlocaux/venv/bin/python" />
      <roots>
        <classPath>
          <root type="composite">
            <root url="file:///usr/local/Cellar/python@3.8/3.8.5/Frameworks/Python.framework/Versions/3.8/lib/python3.8" type="simple" />
            <root url="file:///usr/local/Cellar/python@3.8/3.8.5/Frameworks/Python.framework/Versions/3.8/lib/python3.8/lib-dynload" type="simple" />
            <root url="file:///Volumes/Projects/bureauxlocaux/venv/lib/python3.8/site-packages" type="simple" />
            <root url="file://$USER_HOME$/Library/Caches/JetBrains/PyCharm2020.2/python_stubs/249027839" type="simple" />
            <root url="file://$APPLICATION_HOME_DIR$/plugins/python/helpers/python-skeletons" type="simple" />
            <root url="file://$APPLICATION_HOME_DIR$/plugins/python/helpers/typeshed/stdlib/3.7" type="simple" />
            <root url="file://$APPLICATION_HOME_DIR$/plugins/python/helpers/typeshed/stdlib/3" type="simple" />
            <root url="file://$APPLICATION_HOME_DIR$/plugins/python/helpers/typeshed/stdlib/2and3" type="simple" />
            <root url="file://$APPLICATION_HOME_DIR$/plugins/python/helpers/typeshed/third_party/3" type="simple" />
            <root url="file://$APPLICATION_HOME_DIR$/plugins/python/helpers/typeshed/third_party/2and3" type="simple" />
          </root>
        </classPath>
        <sourcePath>
          <root type="composite" />
        </sourcePath>
      </roots>
      <additional ASSOCIATED_PROJECT_PATH="/Volumes/Projects/bureauxlocaux" />
    </jdk>
  </component>
</application>