<keymap version="1" name="IntelliJ IDEA Classic copy" parent="Mac OS X">
  <action id="NextTab">
    <keyboard-shortcut first-keystroke="ctrl right" />
    <keyboard-shortcut first-keystroke="ctrl d" />
  </action>
  <action id="PreviousTab">
    <keyboard-shortcut first-keystroke="ctrl left" />
    <keyboard-shortcut first-keystroke="ctrl a" />
  </action>
  <action id="SplitHorizontally">
    <keyboard-shortcut first-keystroke="meta h" />
  </action>
  <action id="SplitVertically">
    <keyboard-shortcut first-keystroke="shift meta b" />
  </action>
</keymap>