<profile version="1.0">
  <option name="myName" value="Default" />
  <inspection_tool class="PyPackageRequirementsInspection" enabled="true" level="WARNING" enabled_by_default="true">
    <option name="ignoredPackages">
      <value>
        <list size="19">
          <item index="0" class="java.lang.String" itemvalue="wsgi-basic-auth" />
          <item index="1" class="java.lang.String" itemvalue="whitenoise" />
          <item index="2" class="java.lang.String" itemvalue="gunicorn" />
          <item index="3" class="java.lang.String" itemvalue="sellsyapi" />
          <item index="4" class="java.lang.String" itemvalue="sentry-sdk" />
          <item index="5" class="java.lang.String" itemvalue="Django" />
          <item index="6" class="java.lang.String" itemvalue="shapely" />
          <item index="7" class="java.lang.String" itemvalue="django-babel" />
          <item index="8" class="java.lang.String" itemvalue="Rtree" />
          <item index="9" class="java.lang.String" itemvalue="pandas" />
          <item index="10" class="java.lang.String" itemvalue="dj-stripe" />
          <item index="11" class="java.lang.String" itemvalue="seaborn" />
          <item index="12" class="java.lang.String" itemvalue="django-suit-redactor" />
          <item index="13" class="java.lang.String" itemvalue="django-json-widget" />
          <item index="14" class="java.lang.String" itemvalue="geopandas" />
          <item index="15" class="java.lang.String" itemvalue="matplotlib" />
          <item index="16" class="java.lang.String" itemvalue="django-suit-rq" />
          <item index="17" class="java.lang.String" itemvalue="phpserialize" />
          <item index="18" class="java.lang.String" itemvalue="descartes" />
        </list>
      </value>
    </option>
  </inspection_tool>
</profile>