<profile version="1.0">
  <option name="myName" value="Default" />
  <inspection_tool class="DjangoUnresolvedUrlInspection" enabled="true" level="WEAK WARNING" enabled_by_default="true" />
  <inspection_tool class="DuplicatedCode" enabled="false" level="WEAK WARNING" enabled_by_default="false" />
  <inspection_tool class="Eslint" enabled="true" level="WARNING" enabled_by_default="true" />
  <inspection_tool class="JSHint" enabled="true" level="ERROR" enabled_by_default="true" />
  <inspection_tool class="PyPackageRequirementsInspection" enabled="true" level="WARNING" enabled_by_default="true">
    <option name="ignoredPackages">
      <value>
        <list size="43">
          <item index="0" class="java.lang.String" itemvalue="wsgi-basic-auth" />
          <item index="1" class="java.lang.String" itemvalue="whitenoise" />
          <item index="2" class="java.lang.String" itemvalue="gunicorn" />
          <item index="3" class="java.lang.String" itemvalue="sellsyapi" />
          <item index="4" class="java.lang.String" itemvalue="django-import-export" />
          <item index="5" class="java.lang.String" itemvalue="Django" />
          <item index="6" class="java.lang.String" itemvalue="django-suit-daterange-filter" />
          <item index="7" class="java.lang.String" itemvalue="wagtail" />
          <item index="8" class="java.lang.String" itemvalue="django-querysetsequence" />
          <item index="9" class="java.lang.String" itemvalue="django-jinja" />
          <item index="10" class="java.lang.String" itemvalue="Babel" />
          <item index="11" class="java.lang.String" itemvalue="python-dateutil" />
          <item index="12" class="java.lang.String" itemvalue="Wand" />
          <item index="13" class="java.lang.String" itemvalue="scout-apm" />
          <item index="14" class="java.lang.String" itemvalue="django-storages" />
          <item index="15" class="java.lang.String" itemvalue="requests" />
          <item index="16" class="java.lang.String" itemvalue="drf-yasg" />
          <item index="17" class="java.lang.String" itemvalue="Jinja2" />
          <item index="18" class="java.lang.String" itemvalue="django-extensions" />
          <item index="19" class="java.lang.String" itemvalue="redis" />
          <item index="20" class="java.lang.String" itemvalue="rq-scheduler" />
          <item index="21" class="java.lang.String" itemvalue="pyOpenSSL" />
          <item index="22" class="java.lang.String" itemvalue="django-json-widget" />
          <item index="23" class="java.lang.String" itemvalue="django-suit" />
          <item index="24" class="java.lang.String" itemvalue="bleach" />
          <item index="25" class="java.lang.String" itemvalue="phonenumberslite" />
          <item index="26" class="java.lang.String" itemvalue="django-multiselectfield" />
          <item index="27" class="java.lang.String" itemvalue="django-phonenumber-field" />
          <item index="28" class="java.lang.String" itemvalue="wagtailfontawesome" />
          <item index="29" class="java.lang.String" itemvalue="djangorestframework" />
          <item index="30" class="java.lang.String" itemvalue="jsonschema" />
          <item index="31" class="java.lang.String" itemvalue="piexif" />
          <item index="32" class="java.lang.String" itemvalue="WeasyPrint" />
          <item index="33" class="java.lang.String" itemvalue="django-select2" />
          <item index="34" class="java.lang.String" itemvalue="py-money" />
          <item index="35" class="java.lang.String" itemvalue="hiredis" />
          <item index="36" class="java.lang.String" itemvalue="django-memoize" />
          <item index="37" class="java.lang.String" itemvalue="boto3" />
          <item index="38" class="java.lang.String" itemvalue="django-rq" />
          <item index="39" class="java.lang.String" itemvalue="twilio" />
          <item index="40" class="java.lang.String" itemvalue="Pillow" />
          <item index="41" class="java.lang.String" itemvalue="rq" />
          <item index="42" class="java.lang.String" itemvalue="sentry-sdk" />
        </list>
      </value>
    </option>
  </inspection_tool>
  <inspection_tool class="Stylelint" enabled="true" level="ERROR" enabled_by_default="true" />
</profile>